{"nose": [0.5186254749056989, 0.06888873010574359], "left_eye": [0.4846844987177482, 0.10833299611765411], "right_eye": [0.4381787966839915, 0.07000980288755616], "left_shoulder": [0.30704985299344123, 0.21138601969733367], "right_shoulder": [0.6592194113275823, 0.19897509808631594], "left_elbow": [0.2278924752027398, 0.35391144206902075], "right_elbow": [0.7504927142903298, 0.3651213067499399], "left_wrist": [0.1786210461697522, 0.4163664024341421]}