{"nose": [0.48337208483055016, 0.08498341190850357], "left_eye": [0.5115549918974142, 0.06926837785926314], "right_eye": [0.4463820193052912, 0.06490309062336301]}